collection,label,visible,fields,owner,guarded,materials
"site_settings","Настройки сайта","true","38","site_settings","existing","sections/site_settings"
"home_page","Главная страница","true","34","home_page","existing","sections/home_page"
"pages","Страницы","true","18","pages","existing","sections/pages"
"page_sections","Секции страниц","false","19","A0 / home_page + pages","existing","support/page_sections"
"navigation_items","Меню","true","12","navigation_items","gap","sections/navigation_items"
"categories","Категории","true","27","categories","existing","sections/categories"
"articles","Статьи","true","27","articles","existing","sections/articles"
"articles_editor_nodes","Узлы редактора статей","false","4","articles","native-support","support/articles_editor_nodes"
"products","Товары","true","53","products","existing","sections/products"
"faq_items","Вопросы и ответы","true","12","faq_items","gap","sections/faq_items"
"lead_forms","Настройки форм","false","14","site_settings","gap","support/lead_forms"
"leads","Заявки","true","26","leads","gap","sections/leads"
"contact_channels","Каналы связи","false","13","A0 / home_page + pages","gap","support/contact_channels"
"recent_supplies","Недавние поставки","true","14","recent_supplies","gap","sections/recent_supplies"
"product_images","Изображения товаров","false","9","products","existing","support/product_images"
"product_specifications","Характеристики товаров","false","11","products","existing","support/product_specifications"
"product_documents","Документы товаров","false","9","products","existing","support/product_documents"
"product_codes","Коды товаров","true","10","product_codes","existing","sections/product_codes"
"products_analogs","Аналоги товаров","true","10","products_analogs","existing","sections/products_analogs"
"seo_redirects","SEO-редиректы","false","7","seo_work_items","gap","support/seo_redirects"
"seo_work_items","SEO-задачи","true","31","seo_work_items","gap","sections/seo_work_items"
"orders","Заказы","true","23","orders","gap","sections/orders"
"order_items","Позиции заказов","false","11","orders","native-support","support/order_items"